Epochs, Classification Accuracy, Training MSE
1,0.07816711590296496,1.161601106106909
2,0.08490566037735849,0.9183207725286241
3,0.0862533692722372,0.9146386449803197
4,0.09164420485175202,0.9139074205588894
